100,Korrie,Hirsch,Korrie.Hirsch@yopmail.com,447.53
101,Melanie,Kenney,Melanie.Kenney@yopmail.com,204.47
102,Gertrud,Nerita,Gertrud.Nerita@yopmail.com,216.38
103,Tina,Carmena,Tina.Carmena@yopmail.com,460.84
104,Fayre,Garek,Fayre.Garek@yopmail.com,297.09
105,Constance,Nikaniki,Constance.Nikaniki@yopmail.com,507.46
106,Nananne,Federica,Nananne.Federica@yopmail.com,412.57
107,Gabi,Barrus,Gabi.Barrus@yopmail.com,108.45
108,Louella,Jagir,Louella.Jagir@yopmail.com,295.16
109,Ann-Marie,Riordan,Ann-Marie.Riordan@yopmail.com,231.07
110,Dorothy,Rustice,Dorothy.Rustice@yopmail.com,121.57
111,Harrietta,Magnolia,Harrietta.Magnolia@yopmail.com,792.57
112,Aaren,Gombach,Aaren.Gombach@yopmail.com,414.54
113,Gerrie,Ackerley,Gerrie.Ackerley@yopmail.com,493.73
114,Mathilda,Anestassia,Mathilda.Anestassia@yopmail.com,243.64
115,Genevra,Valerio,Genevra.Valerio@yopmail.com,555.33
116,Karolina,Forrer,Karolina.Forrer@yopmail.com,70.68
117,Nikki,Orlene,Nikki.Orlene@yopmail.com,195.14
118,Drucie,Lumbard,Drucie.Lumbard@yopmail.com,303.69
119,Maye,Gombach,Maye.Gombach@yopmail.com,131.8
120,Fina,Erlandson,Fina.Erlandson@yopmail.com,859.83
121,Rosabelle,Madelene,Rosabelle.Madelene@yopmail.com,576.32
122,Jaime,Faust,Jaime.Faust@yopmail.com,592.15
123,Linzy,Cloris,Linzy.Cloris@yopmail.com,620.94
124,Kaja,Kristi,Kaja.Kristi@yopmail.com,598.01
125,Cristabel,Jefferey,Cristabel.Jefferey@yopmail.com,442.45
126,Cindelyn,Gillan,Cindelyn.Gillan@yopmail.com,727.56
127,Vanessa,Tristram,Vanessa.Tristram@yopmail.com,937.26
128,Minne,Screens,Minne.Screens@yopmail.com,210.07
129,Agathe,Wooster,Agathe.Wooster@yopmail.com,761.03
130,Talya,Kristi,Talya.Kristi@yopmail.com,141.65
131,Aigneis,Roumell,Aigneis.Roumell@yopmail.com,725.4
132,Yetty,Erminia,Yetty.Erminia@yopmail.com,820.72
133,Viviene,Bearnard,Viviene.Bearnard@yopmail.com,960.6
134,Gwenneth,Vittoria,Gwenneth.Vittoria@yopmail.com,70.64
135,Cherilyn,Autrey,Cherilyn.Autrey@yopmail.com,294.45
136,Anthia,Erskine,Anthia.Erskine@yopmail.com,288.06
137,Catrina,Barrus,Catrina.Barrus@yopmail.com,471.65
138,Aeriela,Freddi,Aeriela.Freddi@yopmail.com,180.07
139,Marylou,Helve,Marylou.Helve@yopmail.com,93.88
140,Gusty,Michella,Gusty.Michella@yopmail.com,517.51
141,Chloris,Darian,Chloris.Darian@yopmail.com,787.72
142,Briney,Medrek,Briney.Medrek@yopmail.com,631.86
143,Tracey,Berne,Tracey.Berne@yopmail.com,494.36
144,Ellette,Bartlett,Ellette.Bartlett@yopmail.com,987.04
145,Blake,Wittie,Blake.Wittie@yopmail.com,666.49
146,Renie,Hamil,Renie.Hamil@yopmail.com,909.28
147,Tarra,Abbot,Tarra.Abbot@yopmail.com,529.37
148,Hollie,Tice,Hollie.Tice@yopmail.com,739.19
149,Dulce,Ferrell,Dulce.Ferrell@yopmail.com,668.14
150,Anestassia,Tayib,Anestassia.Tayib@yopmail.com,214.16
151,Rosaline,Billye,Rosaline.Billye@yopmail.com,523.2
152,Nerta,Ricki,Nerta.Ricki@yopmail.com,630.81
153,Cissiee,Ellerey,Cissiee.Ellerey@yopmail.com,861.2
154,Monika,Munn,Monika.Munn@yopmail.com,435.31
155,Xylina,Ezar,Xylina.Ezar@yopmail.com,691.91
156,Veda,Carey,Veda.Carey@yopmail.com,702.23
157,Eve,Fink,Eve.Fink@yopmail.com,117.86
158,Dotty,Gaspard,Dotty.Gaspard@yopmail.com,746.51
159,Merle,August,Merle.August@yopmail.com,647.59
160,Caritta,Susannah,Caritta.Susannah@yopmail.com,855.05
161,Paola,Chem,Paola.Chem@yopmail.com,374.56
162,Neila,Lasley,Neila.Lasley@yopmail.com,253.02
163,Gale,Barbey,Gale.Barbey@yopmail.com,929
164,Deane,Seligman,Deane.Seligman@yopmail.com,651.88
165,Concettina,Rustice,Concettina.Rustice@yopmail.com,262.31
166,Phedra,Terencio,Phedra.Terencio@yopmail.com,469.7
167,Brooks,Bergman,Brooks.Bergman@yopmail.com,393.12
168,Lynea,Romelda,Lynea.Romelda@yopmail.com,568.82
169,Margette,Soneson,Margette.Soneson@yopmail.com,963.91
170,Charissa,Anastatius,Charissa.Anastatius@yopmail.com,272.97
171,Cindelyn,Terencio,Cindelyn.Terencio@yopmail.com,451.5
172,Kate,Devlen,Kate.Devlen@yopmail.com,191.99
173,Marika,Dex,Marika.Dex@yopmail.com,954.44
174,Tilly,Revkah,Tilly.Revkah@yopmail.com,963.9
175,Ricky,Sholley,Ricky.Sholley@yopmail.com,728.07
176,Taffy,Lissi,Taffy.Lissi@yopmail.com,865.11
177,Adelle,Docilla,Adelle.Docilla@yopmail.com,106.39
178,Cecile,Jammal,Cecile.Jammal@yopmail.com,205.68
179,Shel,Seessel,Shel.Seessel@yopmail.com,51.15
180,Kary,Maxi,Kary.Maxi@yopmail.com,817.13
181,Penelopa,Yoko,Penelopa.Yoko@yopmail.com,51.91
182,Lily,Leler,Lily.Leler@yopmail.com,705.38
183,Dorothy,Forrer,Dorothy.Forrer@yopmail.com,621.44
184,Vanessa,Howlyn,Vanessa.Howlyn@yopmail.com,236.26
185,June,Seligman,June.Seligman@yopmail.com,63.47
186,Inga,Chandler,Inga.Chandler@yopmail.com,97.54
187,Madelle,Zetta,Madelle.Zetta@yopmail.com,487.54
188,Evita,Jorgan,Evita.Jorgan@yopmail.com,675.9
189,Lory,Belanger,Lory.Belanger@yopmail.com,565.1
190,Basia,Gordon,Basia.Gordon@yopmail.com,863.02
191,Sabina,Martguerita,Sabina.Martguerita@yopmail.com,50.03
192,Leona,Tillford,Leona.Tillford@yopmail.com,804.28
193,Valli,Delp,Valli.Delp@yopmail.com,873.76
194,Pamella,Palocz,Pamella.Palocz@yopmail.com,992.09
195,Gui,Tyson,Gui.Tyson@yopmail.com,731.39
196,Karina,Friede,Karina.Friede@yopmail.com,987.23
197,Christian,Gaal,Christian.Gaal@yopmail.com,225.58
198,Randa,Honoria,Randa.Honoria@yopmail.com,621.63
199,Elora,Pond,Elora.Pond@yopmail.com,719.38
200,Oralee,Marijo,Oralee.Marijo@yopmail.com,773.31
201,Gerianna,Kaja,Gerianna.Kaja@yopmail.com,133.43
202,Cindelyn,Clara,Cindelyn.Clara@yopmail.com,188.25
203,Rori,Sothena,Rori.Sothena@yopmail.com,334.08
204,Lisette,Wadell,Lisette.Wadell@yopmail.com,920.14
205,Georgetta,Kalinda,Georgetta.Kalinda@yopmail.com,282.72
206,Lorenza,Jerald,Lorenza.Jerald@yopmail.com,94.48
207,Raquela,Standing,Raquela.Standing@yopmail.com,359.7
208,Jaime,Hull,Jaime.Hull@yopmail.com,289.47
209,Ronna,Parsaye,Ronna.Parsaye@yopmail.com,837.92
210,Celene,Harriman,Celene.Harriman@yopmail.com,843.3
211,Sidoney,Kazimir,Sidoney.Kazimir@yopmail.com,572.04
212,Tami,Modie,Tami.Modie@yopmail.com,597.34
213,Kerrin,Donell,Kerrin.Donell@yopmail.com,764.33
214,Jolyn,Leler,Jolyn.Leler@yopmail.com,387.31
215,Frank,Cynar,Frank.Cynar@yopmail.com,630.03
216,Marguerite,Pascia,Marguerite.Pascia@yopmail.com,764.03
217,Isa,Carbo,Isa.Carbo@yopmail.com,429.91
218,Beth,Neva,Beth.Neva@yopmail.com,472.22
219,Therine,Wilona,Therine.Wilona@yopmail.com,879.78
220,Hope,Nadia,Hope.Nadia@yopmail.com,870.41
221,Evita,Ochs,Evita.Ochs@yopmail.com,727.76
222,Jobi,Nedrud,Jobi.Nedrud@yopmail.com,551.8
223,Ellette,Ax,Ellette.Ax@yopmail.com,384.82
224,Chrystel,Natalia,Chrystel.Natalia@yopmail.com,101.1
225,Annaliese,Poppy,Annaliese.Poppy@yopmail.com,456.29
226,Beatriz,Cavan,Beatriz.Cavan@yopmail.com,303.02
227,Deloria,Harriman,Deloria.Harriman@yopmail.com,823.63
228,Donetta,Sikorski,Donetta.Sikorski@yopmail.com,799.74
229,Mellicent,Dex,Mellicent.Dex@yopmail.com,229.12
230,Carol-Jean,Celestine,Carol-Jean.Celestine@yopmail.com,865.24
231,Claudina,Oriana,Claudina.Oriana@yopmail.com,744.74
232,Constance,Seagraves,Constance.Seagraves@yopmail.com,235.13
233,Paola,Maiah,Paola.Maiah@yopmail.com,805.1
234,Aimil,Jerold,Aimil.Jerold@yopmail.com,566.29
235,Agathe,Junie,Agathe.Junie@yopmail.com,539.74
236,Candy,Fleeta,Candy.Fleeta@yopmail.com,119.73
237,Loree,Lynn,Loree.Lynn@yopmail.com,686.02
238,Marita,Capello,Marita.Capello@yopmail.com,580.29
239,Lanae,Aida,Lanae.Aida@yopmail.com,207.81
240,Valeda,Devlen,Valeda.Devlen@yopmail.com,620.59
241,Lita,Wu,Lita.Wu@yopmail.com,945.91
242,Dolli,Bergman,Dolli.Bergman@yopmail.com,595.84
243,Brana,Knowling,Brana.Knowling@yopmail.com,862.61
244,Rosaline,Jacqui,Rosaline.Jacqui@yopmail.com,699.03
245,Ira,Ethban,Ira.Ethban@yopmail.com,929.62
246,Basia,Nea,Basia.Nea@yopmail.com,109.19
247,Dede,Celestine,Dede.Celestine@yopmail.com,196.42
248,Janeczka,Ulphia,Janeczka.Ulphia@yopmail.com,218.51
249,Flo,Gaulin,Flo.Gaulin@yopmail.com,738.67
250,Valeda,Suk,Valeda.Suk@yopmail.com,178.66
251,Ginnie,Harned,Ginnie.Harned@yopmail.com,803.1
252,Donetta,Olympium,Donetta.Olympium@yopmail.com,837.91
253,Tomasina,Doig,Tomasina.Doig@yopmail.com,980.03
254,Carree,Randene,Carree.Randene@yopmail.com,793.4
255,Brooks,Federica,Brooks.Federica@yopmail.com,86.62
256,Amii,Jerold,Amii.Jerold@yopmail.com,864.71
257,Kellen,Vastah,Kellen.Vastah@yopmail.com,196.2
258,Dyann,Beniamino,Dyann.Beniamino@yopmail.com,143.27
259,Blondelle,Nester,Blondelle.Nester@yopmail.com,276.22
260,Kylynn,Kendrick,Kylynn.Kendrick@yopmail.com,516.38
261,Dorene,Phaidra,Dorene.Phaidra@yopmail.com,135.2
262,Cherrita,Belanger,Cherrita.Belanger@yopmail.com,93.42
263,Nonnah,Dowski,Nonnah.Dowski@yopmail.com,762.29
264,Hayley,Gaynor,Hayley.Gaynor@yopmail.com,788.37
265,Karlee,Kare,Karlee.Kare@yopmail.com,556.72
266,Consuela,Lattie,Consuela.Lattie@yopmail.com,413.08
267,Marnia,Hewitt,Marnia.Hewitt@yopmail.com,201.67
268,Valli,Joeann,Valli.Joeann@yopmail.com,770.94
269,Celisse,Cadmar,Celisse.Cadmar@yopmail.com,719.89
270,Paule,Rebecka,Paule.Rebecka@yopmail.com,746.48
271,Marleah,Regan,Marleah.Regan@yopmail.com,257.22
272,Zaria,Diann,Zaria.Diann@yopmail.com,173.03
273,Deedee,Kellby,Deedee.Kellby@yopmail.com,404.05
274,Lynde,Greyson,Lynde.Greyson@yopmail.com,699.2
275,Candy,Natica,Candy.Natica@yopmail.com,456.02
276,Mara,Eachern,Mara.Eachern@yopmail.com,430.88
277,Libbie,Verger,Libbie.Verger@yopmail.com,352.62
278,Bill,Krystle,Bill.Krystle@yopmail.com,586.97
279,Millie,Stav,Millie.Stav@yopmail.com,708.57
280,Ethel,Abbot,Ethel.Abbot@yopmail.com,355.66
281,Raina,Marlie,Raina.Marlie@yopmail.com,275.4
282,Lynde,Moseley,Lynde.Moseley@yopmail.com,283.11
283,Deane,Stevy,Deane.Stevy@yopmail.com,803.94
284,Jemie,Flyn,Jemie.Flyn@yopmail.com,214.1
285,Isa,Ioab,Isa.Ioab@yopmail.com,105.76
286,Tierney,Heidt,Tierney.Heidt@yopmail.com,554.1
287,Selma,Anton,Selma.Anton@yopmail.com,742.61
288,Shandie,Pauly,Shandie.Pauly@yopmail.com,559.2
289,Donetta,Pillsbury,Donetta.Pillsbury@yopmail.com,119.6
290,Berget,Bearnard,Berget.Bearnard@yopmail.com,209.36
291,Dorice,Rosette,Dorice.Rosette@yopmail.com,591.42
292,Robinia,Emerson,Robinia.Emerson@yopmail.com,519.67
293,Jorry,Bigner,Jorry.Bigner@yopmail.com,414.29
294,Millie,Konyn,Millie.Konyn@yopmail.com,131.87
295,Agathe,Raul,Agathe.Raul@yopmail.com,759.54
296,Amalie,Bronk,Amalie.Bronk@yopmail.com,499.15
297,Dagmar,Chauncey,Dagmar.Chauncey@yopmail.com,299.97
298,Cordi,Elo,Cordi.Elo@yopmail.com,468.58
299,Viki,Marden,Viki.Marden@yopmail.com,874.96
300,Molli,Chinua,Molli.Chinua@yopmail.com,257.23
301,Livvyy,Ilka,Livvyy.Ilka@yopmail.com,948.14
302,Emmey,Lea,Emmey.Lea@yopmail.com,951.96
303,Latisha,Heisel,Latisha.Heisel@yopmail.com,212.46
304,Lacie,Bohlin,Lacie.Bohlin@yopmail.com,701.93
305,Agnese,Pip,Agnese.Pip@yopmail.com,771.53
306,Kirstin,Dex,Kirstin.Dex@yopmail.com,895.74
307,Drucie,Robertson,Drucie.Robertson@yopmail.com,757.33
308,Ayn,Buffum,Ayn.Buffum@yopmail.com,753.9
309,Amalie,Sheedy,Amalie.Sheedy@yopmail.com,573.07
310,Beatriz,Ledah,Beatriz.Ledah@yopmail.com,112.92
311,Adele,Voletta,Adele.Voletta@yopmail.com,413.33
312,Maryellen,Allina,Maryellen.Allina@yopmail.com,703.88
313,Robbi,Poll,Robbi.Poll@yopmail.com,210.74
314,Blondelle,Cressida,Blondelle.Cressida@yopmail.com,383.35
315,Randa,Merna,Randa.Merna@yopmail.com,716.47
316,Aurore,Azeria,Aurore.Azeria@yopmail.com,338.02
317,Jan,Imelida,Jan.Imelida@yopmail.com,249.96
318,Elora,Nester,Elora.Nester@yopmail.com,159.92
319,Catrina,Martguerita,Catrina.Martguerita@yopmail.com,888.13
320,Julieta,Ingra,Julieta.Ingra@yopmail.com,907.12
321,Marita,Shaver,Marita.Shaver@yopmail.com,162.57
322,Leeanne,Natica,Leeanne.Natica@yopmail.com,826.3
323,Margette,Wolfgram,Margette.Wolfgram@yopmail.com,312.15
324,Jenda,Guildroy,Jenda.Guildroy@yopmail.com,861.83
325,Althea,Lissi,Althea.Lissi@yopmail.com,483.23
326,Kathi,Cleo,Kathi.Cleo@yopmail.com,253.72
327,Britni,Ursulette,Britni.Ursulette@yopmail.com,129.31
328,Almeta,Bartlett,Almeta.Bartlett@yopmail.com,245.35
329,Magdalena,Faria,Magdalena.Faria@yopmail.com,931.16
330,Gwenneth,Bandeen,Gwenneth.Bandeen@yopmail.com,447.11
331,Katharina,Dash,Katharina.Dash@yopmail.com,906.04
332,Felice,Tannie,Felice.Tannie@yopmail.com,76.75
333,Janey,Beebe,Janey.Beebe@yopmail.com,134.73
334,Hettie,Sekofski,Hettie.Sekofski@yopmail.com,379.09
335,Celisse,Elisha,Celisse.Elisha@yopmail.com,284.23
336,Tami,Casimir,Tami.Casimir@yopmail.com,442.62
337,Morganica,Egbert,Morganica.Egbert@yopmail.com,812.45
338,Lanae,Wooster,Lanae.Wooster@yopmail.com,729.97
339,Karolina,Dawkins,Karolina.Dawkins@yopmail.com,948.3
340,Brianna,Truc,Brianna.Truc@yopmail.com,61.61
341,Gloria,Noman,Gloria.Noman@yopmail.com,436.45
342,Amalie,Rosette,Amalie.Rosette@yopmail.com,740.3
343,Jessamyn,Gabrielli,Jessamyn.Gabrielli@yopmail.com,68.74
344,Nikki,Rocray,Nikki.Rocray@yopmail.com,355.91
345,Bill,Kussell,Bill.Kussell@yopmail.com,520.05
346,Zsa Zsa,Fancie,Zsa Zsa.Fancie@yopmail.com,604.04
347,Wilma,Bord,Wilma.Bord@yopmail.com,595.95
348,Joeann,Yam,Joeann.Yam@yopmail.com,311.8
349,Bill,Sophronia,Bill.Sophronia@yopmail.com,87.6
350,Laure,Roumell,Laure.Roumell@yopmail.com,894
351,Ekaterina,Delp,Ekaterina.Delp@yopmail.com,134.36
352,Cassondra,Eno,Cassondra.Eno@yopmail.com,413.34
353,Lilith,Fairweather,Lilith.Fairweather@yopmail.com,271.07
354,Cristabel,Hartnett,Cristabel.Hartnett@yopmail.com,694.71
355,Emelina,Anestassia,Emelina.Anestassia@yopmail.com,197.16
356,Glenda,Suanne,Glenda.Suanne@yopmail.com,446.76
357,Abbie,Carolin,Abbie.Carolin@yopmail.com,76.42
358,Tierney,Bendick,Tierney.Bendick@yopmail.com,333.09
359,Desirae,Jaylene,Desirae.Jaylene@yopmail.com,663.74
360,Marita,Nickola,Marita.Nickola@yopmail.com,692.75
361,Kirbee,Oster,Kirbee.Oster@yopmail.com,710.31
362,Meriel,Mauer,Meriel.Mauer@yopmail.com,155.07
363,Eve,Pip,Eve.Pip@yopmail.com,196.96
364,Angelique,Tristram,Angelique.Tristram@yopmail.com,903.17
365,Rivalee,Lia,Rivalee.Lia@yopmail.com,139.73
366,Ebonee,Concha,Ebonee.Concha@yopmail.com,610.9
367,Marguerite,O'Rourke,Marguerite.O'Rourke@yopmail.com,606.57
368,Brena,Vary,Brena.Vary@yopmail.com,168.48
369,Vanessa,Meter,Vanessa.Meter@yopmail.com,603.4
370,Bernardine,McLaughlin,Bernardine.McLaughlin@yopmail.com,946.49
371,Joceline,Suzetta,Joceline.Suzetta@yopmail.com,913.08
372,Moyna,Wu,Moyna.Wu@yopmail.com,818.73
373,Mariele,Michella,Mariele.Michella@yopmail.com,811.12
374,Viviene,Nedrud,Viviene.Nedrud@yopmail.com,563.46
375,Alie,Stilwell,Alie.Stilwell@yopmail.com,240.81
376,Laure,Edison,Laure.Edison@yopmail.com,273.28
377,Dolli,Karna,Dolli.Karna@yopmail.com,746.17
378,Roseline,Redmond,Roseline.Redmond@yopmail.com,925.9
379,Stephanie,Edmund,Stephanie.Edmund@yopmail.com,756.51
380,Carilyn,Rubie,Carilyn.Rubie@yopmail.com,483.81
381,Ottilie,Sparhawk,Ottilie.Sparhawk@yopmail.com,702.11
382,Margalo,Karl,Margalo.Karl@yopmail.com,834.99
383,Jere,Wyn,Jere.Wyn@yopmail.com,787.84
384,Latisha,Linehan,Latisha.Linehan@yopmail.com,648.81
385,Florie,Dorcy,Florie.Dorcy@yopmail.com,642.88
386,Teddie,Fadiman,Teddie.Fadiman@yopmail.com,689.95
387,Janey,Liebermann,Janey.Liebermann@yopmail.com,708.47
388,Augustine,Winnick,Augustine.Winnick@yopmail.com,804.84
389,Carolina,Tybald,Carolina.Tybald@yopmail.com,393.71
390,Angela,Kimmie,Angela.Kimmie@yopmail.com,609.23
391,Carmencita,Loring,Carmencita.Loring@yopmail.com,479.33
392,Hyacinthe,Thornburg,Hyacinthe.Thornburg@yopmail.com,120.08
393,Christy,Modie,Christy.Modie@yopmail.com,579.46
394,Jessamyn,Berl,Jessamyn.Berl@yopmail.com,562.89
395,Mamie,Vastah,Mamie.Vastah@yopmail.com,217.06
396,Augustine,Naor,Augustine.Naor@yopmail.com,934.96
397,Glenda,Fabiola,Glenda.Fabiola@yopmail.com,224.36
398,Ira,Jerald,Ira.Jerald@yopmail.com,846.87
399,Fina,Olympium,Fina.Olympium@yopmail.com,87.68
400,Lita,Gunn,Lita.Gunn@yopmail.com,694.05
401,Melisent,Nicoline,Melisent.Nicoline@yopmail.com,439.82
402,Arabel,Bivins,Arabel.Bivins@yopmail.com,196.94
403,Fidelia,Laverne,Fidelia.Laverne@yopmail.com,665.36
404,Merry,Selway,Merry.Selway@yopmail.com,692.73
405,Ardys,Tamar,Ardys.Tamar@yopmail.com,490.54
406,Vere,Bonilla,Vere.Bonilla@yopmail.com,291.81
407,Carolina,Oneida,Carolina.Oneida@yopmail.com,718.87
408,Cassondra,Terrence,Cassondra.Terrence@yopmail.com,344.84
409,Joleen,Turne,Joleen.Turne@yopmail.com,682.27
410,Candi,Philipp,Candi.Philipp@yopmail.com,223.87
411,Kore,Dermott,Kore.Dermott@yopmail.com,788.83
412,Elka,Kirbee,Elka.Kirbee@yopmail.com,815.71
413,Ardys,Ries,Ardys.Ries@yopmail.com,790.14
414,Stacey,Bearnard,Stacey.Bearnard@yopmail.com,651.05
415,Shandie,Brittani,Shandie.Brittani@yopmail.com,380.23
416,Anica,Hubert,Anica.Hubert@yopmail.com,895.56
417,Janeczka,Autrey,Janeczka.Autrey@yopmail.com,418.27
418,Cordi,Ovid,Cordi.Ovid@yopmail.com,184.67
419,Konstance,Brodench,Konstance.Brodench@yopmail.com,170.12
420,Willetta,Caitlin,Willetta.Caitlin@yopmail.com,677.08
421,Eolanda,Redmond,Eolanda.Redmond@yopmail.com,806.31
422,Hermione,Lowry,Hermione.Lowry@yopmail.com,153.62
423,Nerta,Selway,Nerta.Selway@yopmail.com,985.18
424,Janenna,Obed,Janenna.Obed@yopmail.com,300.7
425,Tabbatha,Tice,Tabbatha.Tice@yopmail.com,935.87
426,Cathie,Brenn,Cathie.Brenn@yopmail.com,177.71
427,Talya,Vale,Talya.Vale@yopmail.com,219.02
428,Ermengarde,Waite,Ermengarde.Waite@yopmail.com,825.28
429,Hyacinthe,Helve,Hyacinthe.Helve@yopmail.com,55.73
430,Arabel,Thema,Arabel.Thema@yopmail.com,376.05
431,Sharlene,Ranjiv,Sharlene.Ranjiv@yopmail.com,92.84
432,Emilia,Sacken,Emilia.Sacken@yopmail.com,949.72
433,Kristan,Eiser,Kristan.Eiser@yopmail.com,762.49
434,Zia,Irmine,Zia.Irmine@yopmail.com,278.71
435,Jemie,Susannah,Jemie.Susannah@yopmail.com,579.09
436,Cecile,Pitt,Cecile.Pitt@yopmail.com,246.69
437,Wanda,Bevin,Wanda.Bevin@yopmail.com,486.08
438,Janey,Weide,Janey.Weide@yopmail.com,469.64
439,Margarette,Kermit,Margarette.Kermit@yopmail.com,555.67
440,Sheelagh,Infield,Sheelagh.Infield@yopmail.com,714.54
441,Basia,Lucienne,Basia.Lucienne@yopmail.com,962.58
442,Deedee,Heisel,Deedee.Heisel@yopmail.com,251.34
443,Ethel,Whiffen,Ethel.Whiffen@yopmail.com,738.56
444,Blondelle,Yuille,Blondelle.Yuille@yopmail.com,85.47
445,Cherilyn,Vale,Cherilyn.Vale@yopmail.com,780.89
446,Sheree,Vittoria,Sheree.Vittoria@yopmail.com,368.21
447,Gwyneth,Arne,Gwyneth.Arne@yopmail.com,538.27
448,Ninnetta,Chesna,Ninnetta.Chesna@yopmail.com,211.48
449,Consuela,Chauncey,Consuela.Chauncey@yopmail.com,573.31
450,Catrina,Merriott,Catrina.Merriott@yopmail.com,366.75
451,Lorne,Prober,Lorne.Prober@yopmail.com,643.77
452,Catrina,Lewes,Catrina.Lewes@yopmail.com,694.49
453,Charlena,Read,Charlena.Read@yopmail.com,677.7
454,Celene,Pacorro,Celene.Pacorro@yopmail.com,742.97
455,Aeriela,Urania,Aeriela.Urania@yopmail.com,872.55
456,Kenna,Lattie,Kenna.Lattie@yopmail.com,241.1
457,Jennica,Lowry,Jennica.Lowry@yopmail.com,102.25
458,Ermengarde,Hunfredo,Ermengarde.Hunfredo@yopmail.com,99.87
459,Celisse,Honoria,Celisse.Honoria@yopmail.com,919.08
460,Charissa,Nadia,Charissa.Nadia@yopmail.com,857.76
461,Ezmeralda,Salvidor,Ezmeralda.Salvidor@yopmail.com,538.06
462,Gabriellia,Sheng,Gabriellia.Sheng@yopmail.com,811.02
463,Barbi,Lilybelle,Barbi.Lilybelle@yopmail.com,889.88
464,Corina,Brieta,Corina.Brieta@yopmail.com,567.27
465,Ariela,Ludewig,Ariela.Ludewig@yopmail.com,726.27
466,Renae,Corilla,Renae.Corilla@yopmail.com,319.32
467,Dione,Pip,Dione.Pip@yopmail.com,243.85
468,Karly,Yerkovich,Karly.Yerkovich@yopmail.com,996.61
469,Consuela,Hedve,Consuela.Hedve@yopmail.com,371.8
470,Jany,Lynn,Jany.Lynn@yopmail.com,662.4
471,Carlie,Tjon,Carlie.Tjon@yopmail.com,808.57
472,Lolita,Andrel,Lolita.Andrel@yopmail.com,349.02
473,Genevra,Fadiman,Genevra.Fadiman@yopmail.com,426.19
474,Alameda,Abbot,Alameda.Abbot@yopmail.com,996.3
475,Ekaterina,Gilbertson,Ekaterina.Gilbertson@yopmail.com,164.71
476,Cassandra,Lacombe,Cassandra.Lacombe@yopmail.com,503.05
477,Myrtice,August,Myrtice.August@yopmail.com,935.92
478,Farrah,Darian,Farrah.Darian@yopmail.com,763.74
479,Nadine,Frodi,Nadine.Frodi@yopmail.com,187.44
480,Annabela,Deny,Annabela.Deny@yopmail.com,344.86
481,Dania,Joni,Dania.Joni@yopmail.com,678.7
482,Brana,Naashom,Brana.Naashom@yopmail.com,910.81
483,Brena,Kunin,Brena.Kunin@yopmail.com,646.37
484,Caressa,Zachary,Caressa.Zachary@yopmail.com,909.42
485,Courtnay,Lissi,Courtnay.Lissi@yopmail.com,728.48
486,Perry,Wu,Perry.Wu@yopmail.com,611.91
487,Alyssa,Cyrie,Alyssa.Cyrie@yopmail.com,693.21
488,Agnese,Burnside,Agnese.Burnside@yopmail.com,240
489,Marsiella,Campball,Marsiella.Campball@yopmail.com,614.37
490,Danny,Lymann,Danny.Lymann@yopmail.com,640.67
491,Steffane,Reinke,Steffane.Reinke@yopmail.com,994.32
492,Tobe,Abram,Tobe.Abram@yopmail.com,896.73
493,Randa,Madaih,Randa.Madaih@yopmail.com,866.14
494,Alia,Daegal,Alia.Daegal@yopmail.com,94.67
495,Margette,Stefa,Margette.Stefa@yopmail.com,665.61
496,Pamella,Saint,Pamella.Saint@yopmail.com,463.51
497,Melisent,Darbie,Melisent.Darbie@yopmail.com,664.12
498,Tonia,Vins,Tonia.Vins@yopmail.com,348.54
499,Estell,Cristi,Estell.Cristi@yopmail.com,555.82
500,Di,Milde,Di.Milde@yopmail.com,495.48
501,Binny,Constancy,Binny.Constancy@yopmail.com,217.88
502,Arlena,Brotherson,Arlena.Brotherson@yopmail.com,273.54
503,Eugine,Dannye,Eugine.Dannye@yopmail.com,939.1
504,Kaia,Amasa,Kaia.Amasa@yopmail.com,382.17
505,Lita,Alwin,Lita.Alwin@yopmail.com,852.32
506,Quintina,Elephus,Quintina.Elephus@yopmail.com,327.2
507,Vere,Mitzi,Vere.Mitzi@yopmail.com,487.49
508,Blinni,Roarke,Blinni.Roarke@yopmail.com,687.16
509,Marnia,Ophelia,Marnia.Ophelia@yopmail.com,440.58
510,Meghann,Dannye,Meghann.Dannye@yopmail.com,383.45
511,Valeda,Socha,Valeda.Socha@yopmail.com,998.58
512,Jerry,Dawkins,Jerry.Dawkins@yopmail.com,548.83
513,Andeee,Cullin,Andeee.Cullin@yopmail.com,422.21
514,Heddie,Kelula,Heddie.Kelula@yopmail.com,856.74
515,Kirstin,Goode,Kirstin.Goode@yopmail.com,658.97
516,Demetris,O'Rourke,Demetris.O'Rourke@yopmail.com,754.52
517,Philis,Justinn,Philis.Justinn@yopmail.com,573.77
518,Vonny,Palocz,Vonny.Palocz@yopmail.com,700.48
519,Nadine,Klotz,Nadine.Klotz@yopmail.com,744.39
520,Daphne,Syd,Daphne.Syd@yopmail.com,141.55
521,Mara,Nedrud,Mara.Nedrud@yopmail.com,414.19
522,Shandie,Riva,Shandie.Riva@yopmail.com,177.49
523,Aubrie,Gabrielli,Aubrie.Gabrielli@yopmail.com,785.48
524,Jacenta,Telfer,Jacenta.Telfer@yopmail.com,95.6
525,Frieda,Tybald,Frieda.Tybald@yopmail.com,103.79
526,Goldie,Shuler,Goldie.Shuler@yopmail.com,149.45
527,Kalina,Francene,Kalina.Francene@yopmail.com,408.09
528,Sara-Ann,Gualtiero,Sara-Ann.Gualtiero@yopmail.com,969.09
529,Gabriellia,Parsaye,Gabriellia.Parsaye@yopmail.com,118.05
530,Sean,Carlson,Sean.Carlson@yopmail.com,797.8
531,Dianemarie,Podvin,Dianemarie.Podvin@yopmail.com,115.27
532,Leanna,Bach,Leanna.Bach@yopmail.com,70.98
533,Tracey,Buttaro,Tracey.Buttaro@yopmail.com,137.31
534,Cindelyn,Dex,Cindelyn.Dex@yopmail.com,81.68
535,Carilyn,Orlene,Carilyn.Orlene@yopmail.com,546.92
536,Johna,Bobbee,Johna.Bobbee@yopmail.com,1000.18
537,Kary,Seligman,Kary.Seligman@yopmail.com,998.03
538,Devina,Knowling,Devina.Knowling@yopmail.com,576.02
539,Blinni,Danby,Blinni.Danby@yopmail.com,628.43
540,Taffy,Merat,Taffy.Merat@yopmail.com,214.29
541,Nerta,Vilma,Nerta.Vilma@yopmail.com,466.71
542,Leeanne,Olnee,Leeanne.Olnee@yopmail.com,647.94
543,Brana,Donoghue,Brana.Donoghue@yopmail.com,203.73
544,Shaine,Tiffa,Shaine.Tiffa@yopmail.com,922.51
545,Myrtice,Gilmour,Myrtice.Gilmour@yopmail.com,495.56
546,Barbi,Catie,Barbi.Catie@yopmail.com,713.71
547,Ermengarde,Zachary,Ermengarde.Zachary@yopmail.com,78.1
548,Dawn,Decato,Dawn.Decato@yopmail.com,942.59
549,Ernesta,Bollay,Ernesta.Bollay@yopmail.com,87.71
550,Brandise,Pozzy,Brandise.Pozzy@yopmail.com,790.73
551,Robinia,Mehalek,Robinia.Mehalek@yopmail.com,392.18
552,Aimil,Skell,Aimil.Skell@yopmail.com,537.81
553,Candi,Sekofski,Candi.Sekofski@yopmail.com,124.31
554,Ulrike,Primalia,Ulrike.Primalia@yopmail.com,512.21
555,Edyth,Karna,Edyth.Karna@yopmail.com,432.95
556,Almeta,Malanie,Almeta.Malanie@yopmail.com,212.36
557,Gusty,Cullin,Gusty.Cullin@yopmail.com,325.05
558,Audrie,Morehouse,Audrie.Morehouse@yopmail.com,249.05
559,Alyssa,Georas,Alyssa.Georas@yopmail.com,486.41
560,Jessamyn,Roche,Jessamyn.Roche@yopmail.com,199.78
561,Karlee,Reinke,Karlee.Reinke@yopmail.com,976.99
562,Hope,Egbert,Hope.Egbert@yopmail.com,380.37
563,Alejandra,Aprile,Alejandra.Aprile@yopmail.com,771.17
564,Elmira,Zola,Elmira.Zola@yopmail.com,614.66
565,Alyssa,Daegal,Alyssa.Daegal@yopmail.com,436.94
566,Maridel,Chabot,Maridel.Chabot@yopmail.com,984.41
567,Oralee,Luhe,Oralee.Luhe@yopmail.com,792.92
568,Christal,Garbe,Christal.Garbe@yopmail.com,869.12
569,Bobbi,Blisse,Bobbi.Blisse@yopmail.com,376.59
570,Lexine,Schlosser,Lexine.Schlosser@yopmail.com,889.6
571,Yetty,Pitt,Yetty.Pitt@yopmail.com,127.02
572,Lizzie,Hutchison,Lizzie.Hutchison@yopmail.com,864.15
573,Cristabel,Wilona,Cristabel.Wilona@yopmail.com,411.3
574,Tybie,Friede,Tybie.Friede@yopmail.com,497.67
575,Winifred,Lubin,Winifred.Lubin@yopmail.com,852.58
576,Nyssa,Timon,Nyssa.Timon@yopmail.com,302.12
577,Darlleen,Weinreb,Darlleen.Weinreb@yopmail.com,667.72
578,Kara-Lynn,Bohlin,Kara-Lynn.Bohlin@yopmail.com,353.88
579,Fidelia,Eliathas,Fidelia.Eliathas@yopmail.com,116.91
580,Reeba,Hoban,Reeba.Hoban@yopmail.com,803.66
581,Sashenka,Regan,Sashenka.Regan@yopmail.com,136.93
582,Sharlene,Kenney,Sharlene.Kenney@yopmail.com,522.18
583,Coral,Blisse,Coral.Blisse@yopmail.com,746.29
584,Marsiella,Carlson,Marsiella.Carlson@yopmail.com,628.45
585,Bobbi,Malina,Bobbi.Malina@yopmail.com,636.54
586,Coral,Raffo,Coral.Raffo@yopmail.com,151.96
587,Celene,Swigart,Celene.Swigart@yopmail.com,51.94
588,Tera,Bethany,Tera.Bethany@yopmail.com,803.18
589,Misha,Delila,Misha.Delila@yopmail.com,870.83
590,Bibby,Lory,Bibby.Lory@yopmail.com,286.17
591,Starla,Toffic,Starla.Toffic@yopmail.com,184.84
592,Daryl,Read,Daryl.Read@yopmail.com,842.3
593,Nelle,Daveta,Nelle.Daveta@yopmail.com,224.69
594,Cassondra,Dosia,Cassondra.Dosia@yopmail.com,993.61
595,Emmey,Boycey,Emmey.Boycey@yopmail.com,381.53
596,Dennie,Pettiford,Dennie.Pettiford@yopmail.com,203.21
597,Nerta,Fry,Nerta.Fry@yopmail.com,61.29
598,Ashlee,Eno,Ashlee.Eno@yopmail.com,107.47
599,Kimberley,Tiffa,Kimberley.Tiffa@yopmail.com,749.61
600,Rozele,Fadiman,Rozele.Fadiman@yopmail.com,392.86
601,Yvonne,Pitt,Yvonne.Pitt@yopmail.com,316.47
602,Zondra,Poppy,Zondra.Poppy@yopmail.com,512.43
603,Dale,Argus,Dale.Argus@yopmail.com,593.26
604,Lorenza,Eno,Lorenza.Eno@yopmail.com,541.53
605,Renae,Eckblad,Renae.Eckblad@yopmail.com,342.41
606,Mary,Hessler,Mary.Hessler@yopmail.com,973.27
607,Correy,Roxanna,Correy.Roxanna@yopmail.com,767.81
608,Ernesta,Amethist,Ernesta.Amethist@yopmail.com,519.77
609,Petronia,Mike,Petronia.Mike@yopmail.com,298.16
610,Brianna,Bluh,Brianna.Bluh@yopmail.com,515.56
611,Vivia,Natalia,Vivia.Natalia@yopmail.com,368.88
612,Tiffie,Destinee,Tiffie.Destinee@yopmail.com,326.93
613,Nerta,Gower,Nerta.Gower@yopmail.com,500.77
614,Flo,Margarete,Flo.Margarete@yopmail.com,551.21
615,Ekaterina,Alfons,Ekaterina.Alfons@yopmail.com,990.28
616,Tybie,Fairweather,Tybie.Fairweather@yopmail.com,852.5
617,Rani,Ferino,Rani.Ferino@yopmail.com,167.65
618,Darlleen,Rudolph,Darlleen.Rudolph@yopmail.com,739.78
619,Lorenza,Callista,Lorenza.Callista@yopmail.com,693.12
620,Kalina,Sothena,Kalina.Sothena@yopmail.com,395.03
621,Lanna,Ries,Lanna.Ries@yopmail.com,269.8
622,Roberta,Brunell,Roberta.Brunell@yopmail.com,897.49
623,Fanchon,Leonard,Fanchon.Leonard@yopmail.com,822.97
624,Marguerite,Douglass,Marguerite.Douglass@yopmail.com,274.2
625,Brana,Neils,Brana.Neils@yopmail.com,811.15
626,Alie,Brieta,Alie.Brieta@yopmail.com,689.25
627,Jackie,Harday,Jackie.Harday@yopmail.com,123.21
628,Hayley,Zuzana,Hayley.Zuzana@yopmail.com,366.91
629,Madalyn,Roxanna,Madalyn.Roxanna@yopmail.com,147.02
630,Bibby,Lipson,Bibby.Lipson@yopmail.com,442.13
631,Jennica,Gerge,Jennica.Gerge@yopmail.com,98.95
632,Nollie,Mallon,Nollie.Mallon@yopmail.com,804.35
633,Renae,Ioab,Renae.Ioab@yopmail.com,90.71
634,Marika,Montgomery,Marika.Montgomery@yopmail.com,124.13
635,Gilligan,Brian,Gilligan.Brian@yopmail.com,582.86
636,Celisse,Kosey,Celisse.Kosey@yopmail.com,239.52
637,Flo,Camden,Flo.Camden@yopmail.com,79.54
638,Christy,Syd,Christy.Syd@yopmail.com,440.31
639,Dorene,Orelee,Dorene.Orelee@yopmail.com,181.65
640,Kary,Schwejda,Kary.Schwejda@yopmail.com,828.11
641,Jobi,Sandye,Jobi.Sandye@yopmail.com,809.07
642,Ofilia,Eckblad,Ofilia.Eckblad@yopmail.com,256.59
643,Nessie,Dimitris,Nessie.Dimitris@yopmail.com,446.99
644,Collen,Malanie,Collen.Malanie@yopmail.com,373.24
645,Camile,Monk,Camile.Monk@yopmail.com,431.86
646,Deedee,Carvey,Deedee.Carvey@yopmail.com,585.18
647,Loree,Radu,Loree.Radu@yopmail.com,760.83
648,Jillayne,Gombach,Jillayne.Gombach@yopmail.com,101.31
649,Jemie,Sallyann,Jemie.Sallyann@yopmail.com,393.51
650,Mignon,Trey,Mignon.Trey@yopmail.com,248
651,Lonnie,Braun,Lonnie.Braun@yopmail.com,97.56
652,Dianemarie,Bivins,Dianemarie.Bivins@yopmail.com,921.47
653,Mara,Frendel,Mara.Frendel@yopmail.com,675.41
654,Fred,Hunfredo,Fred.Hunfredo@yopmail.com,727.4
655,Chere,Vary,Chere.Vary@yopmail.com,976.88
656,Sadie,Stefa,Sadie.Stefa@yopmail.com,957.17
657,Lorenza,Fairweather,Lorenza.Fairweather@yopmail.com,555.69
658,Ivett,Merat,Ivett.Merat@yopmail.com,562.97
659,Dede,Myrilla,Dede.Myrilla@yopmail.com,268.2
660,Mellicent,Weinreb,Mellicent.Weinreb@yopmail.com,223.03
661,Annaliese,Strephon,Annaliese.Strephon@yopmail.com,553.3
662,Tani,Haerr,Tani.Haerr@yopmail.com,120.7
663,Cyndie,Miru,Cyndie.Miru@yopmail.com,137.54
664,Briney,Si,Briney.Si@yopmail.com,858.92
665,Darlleen,Madox,Darlleen.Madox@yopmail.com,798.13
666,Edith,Ahab,Edith.Ahab@yopmail.com,276.51
667,Shell,Sparhawk,Shell.Sparhawk@yopmail.com,80.76
668,Lizzie,Tremayne,Lizzie.Tremayne@yopmail.com,115.07
669,Harrietta,Lynn,Harrietta.Lynn@yopmail.com,502.15
670,Arlina,Girardo,Arlina.Girardo@yopmail.com,275.32
671,Gwenneth,Drus,Gwenneth.Drus@yopmail.com,971.31
672,Tobe,Liebermann,Tobe.Liebermann@yopmail.com,66.53
673,Jolyn,Margret,Jolyn.Margret@yopmail.com,657.36
674,Kaja,Albertine,Kaja.Albertine@yopmail.com,131.49
675,Ekaterina,Melan,Ekaterina.Melan@yopmail.com,750.02
676,Ellette,Philipp,Ellette.Philipp@yopmail.com,103.71
677,Christian,Poppy,Christian.Poppy@yopmail.com,961.45
678,Estell,Brian,Estell.Brian@yopmail.com,907.07
679,Shell,Newell,Shell.Newell@yopmail.com,628.09
680,Edith,Norvol,Edith.Norvol@yopmail.com,611.74
681,Joleen,Bartlett,Joleen.Bartlett@yopmail.com,210.82
682,Flo,Marlie,Flo.Marlie@yopmail.com,572.36
683,Daune,Arathorn,Daune.Arathorn@yopmail.com,173.04
684,Kristan,Ball,Kristan.Ball@yopmail.com,555.18
685,Teddie,Capello,Teddie.Capello@yopmail.com,646.7
686,Hermione,Fancie,Hermione.Fancie@yopmail.com,699.17
687,Charissa,Marsden,Charissa.Marsden@yopmail.com,882.85
688,Claresta,Tice,Claresta.Tice@yopmail.com,452.75
689,Annaliese,Tatianas,Annaliese.Tatianas@yopmail.com,617.83
690,Siana,Seessel,Siana.Seessel@yopmail.com,331.49
691,Consuela,Berne,Consuela.Berne@yopmail.com,602.4
692,Genovera,Kannry,Genovera.Kannry@yopmail.com,870.68
693,Justinn,Hortensia,Justinn.Hortensia@yopmail.com,97.66
694,Andeee,Love,Andeee.Love@yopmail.com,132.08
695,Charmaine,Libna,Charmaine.Libna@yopmail.com,456.58
696,Cherrita,Thilda,Cherrita.Thilda@yopmail.com,662.49
697,Cecile,Eckblad,Cecile.Eckblad@yopmail.com,281.74
698,Celisse,Ranjiv,Celisse.Ranjiv@yopmail.com,856.18
699,Paola,Bethany,Paola.Bethany@yopmail.com,612.17
700,Nita,Brittani,Nita.Brittani@yopmail.com,552.78
701,Perry,Ferrell,Perry.Ferrell@yopmail.com,78.91
702,Pollyanna,Rocray,Pollyanna.Rocray@yopmail.com,601.13
703,Deirdre,Martsen,Deirdre.Martsen@yopmail.com,92.63
704,Gabi,Cherianne,Gabi.Cherianne@yopmail.com,396.73
705,Julieta,Rolf,Julieta.Rolf@yopmail.com,996.73
706,Ermengarde,Lanita,Ermengarde.Lanita@yopmail.com,739.75
707,Taffy,Infield,Taffy.Infield@yopmail.com,476.12
708,Roberta,Chick,Roberta.Chick@yopmail.com,632.03
709,Nelle,Seessel,Nelle.Seessel@yopmail.com,764.8
710,Korrie,Pearse,Korrie.Pearse@yopmail.com,334.18
711,Basia,Tufts,Basia.Tufts@yopmail.com,971.84
712,Lusa,Buckler,Lusa.Buckler@yopmail.com,902.14
713,Christian,Guthrie,Christian.Guthrie@yopmail.com,630.71
714,Deedee,Odell,Deedee.Odell@yopmail.com,154.62
715,Sadie,Zuzana,Sadie.Zuzana@yopmail.com,935.12
716,Ursulina,Karylin,Ursulina.Karylin@yopmail.com,866.33
717,Mariele,Christal,Mariele.Christal@yopmail.com,654.63
718,Hallie,Idelia,Hallie.Idelia@yopmail.com,454.12
719,Steffane,Mauer,Steffane.Mauer@yopmail.com,56.92
720,Dianemarie,Rese,Dianemarie.Rese@yopmail.com,971.87
721,Phedra,Anestassia,Phedra.Anestassia@yopmail.com,218.53
722,Ardys,Rozanna,Ardys.Rozanna@yopmail.com,588.59
723,Flo,Albertine,Flo.Albertine@yopmail.com,470.18
724,Hannis,Gaspard,Hannis.Gaspard@yopmail.com,473.04
725,Ayn,Carolin,Ayn.Carolin@yopmail.com,323.57
726,Desirae,Barbey,Desirae.Barbey@yopmail.com,140.3
727,Desirae,Cloris,Desirae.Cloris@yopmail.com,475.87
728,Rani,Alfons,Rani.Alfons@yopmail.com,925.72
729,Heddie,Stav,Heddie.Stav@yopmail.com,178.85
730,Amara,Heisel,Amara.Heisel@yopmail.com,624.9
731,Taffy,Ries,Taffy.Ries@yopmail.com,356.66
732,Teddie,Montgomery,Teddie.Montgomery@yopmail.com,140.5
733,Andree,Zeeba,Andree.Zeeba@yopmail.com,879.91
734,Coral,Elephus,Coral.Elephus@yopmail.com,351.18
735,Marguerite,Hirsch,Marguerite.Hirsch@yopmail.com,312.91
736,Jeanna,Ambrosia,Jeanna.Ambrosia@yopmail.com,611.72
737,Pamella,Kalinda,Pamella.Kalinda@yopmail.com,391.94
738,Jackie,Flyn,Jackie.Flyn@yopmail.com,632.81
739,Margalo,Winnick,Margalo.Winnick@yopmail.com,580.3
740,Lorie,Stefa,Lorie.Stefa@yopmail.com,569.51
741,Cherilyn,Ball,Cherilyn.Ball@yopmail.com,272.95
742,Aurore,Casimir,Aurore.Casimir@yopmail.com,805.06
743,Ardenia,Chick,Ardenia.Chick@yopmail.com,133.84
744,Alejandra,Annabella,Alejandra.Annabella@yopmail.com,478.31
745,Cathyleen,Cassius,Cathyleen.Cassius@yopmail.com,225.23
746,Dorthy,Campball,Dorthy.Campball@yopmail.com,577.31
747,Meriel,Afton,Meriel.Afton@yopmail.com,684.47
748,Lila,Raffo,Lila.Raffo@yopmail.com,734.41
749,Kate,Jenness,Kate.Jenness@yopmail.com,599.37
750,Raquela,Garek,Raquela.Garek@yopmail.com,398.69
751,Florencia,Oneida,Florencia.Oneida@yopmail.com,977.91
752,Vinita,Rosalba,Vinita.Rosalba@yopmail.com,634.41
753,Kenna,Afton,Kenna.Afton@yopmail.com,496.35
754,Emmey,Annabella,Emmey.Annabella@yopmail.com,260.63
755,Sue,Tacye,Sue.Tacye@yopmail.com,157.94
756,Selia,Burnside,Selia.Burnside@yopmail.com,900.1
757,Zaria,Wadell,Zaria.Wadell@yopmail.com,515.4
758,Orelia,Kazimir,Orelia.Kazimir@yopmail.com,866.64
759,Aryn,O'Carroll,Aryn.O'Carroll@yopmail.com,123.23
760,Celene,Marsden,Celene.Marsden@yopmail.com,259.16
761,Marleah,Mitzi,Marleah.Mitzi@yopmail.com,195.01
762,Halette,Gahl,Halette.Gahl@yopmail.com,748.06
763,Lenna,Dosia,Lenna.Dosia@yopmail.com,912.63
764,Emilia,Jerold,Emilia.Jerold@yopmail.com,151.46
765,Margarette,Cyrie,Margarette.Cyrie@yopmail.com,114.51
766,Raf,Azeria,Raf.Azeria@yopmail.com,200.69
767,Emmey,Hedve,Emmey.Hedve@yopmail.com,238.51
768,Maurene,Dowski,Maurene.Dowski@yopmail.com,196.01
769,Lynea,Wildermuth,Lynea.Wildermuth@yopmail.com,781.47
770,Albertina,Kermit,Albertina.Kermit@yopmail.com,198.75
771,Diena,Leopold,Diena.Leopold@yopmail.com,650.11
772,Margette,Kenney,Margette.Kenney@yopmail.com,809.48
773,Elora,Herrera,Elora.Herrera@yopmail.com,401.14
774,Modestia,Khorma,Modestia.Khorma@yopmail.com,481.23
775,Kirbee,Kamaria,Kirbee.Kamaria@yopmail.com,997.44
776,Kore,Egbert,Kore.Egbert@yopmail.com,345.31
777,Dennie,Clie,Dennie.Clie@yopmail.com,335.95
778,Kimberley,Eckblad,Kimberley.Eckblad@yopmail.com,538.24
779,Abbie,Wadell,Abbie.Wadell@yopmail.com,293.53
780,Concettina,Fadiman,Concettina.Fadiman@yopmail.com,485.82
781,Sam,Grosz,Sam.Grosz@yopmail.com,784.99
782,Georgetta,Jalbert,Georgetta.Jalbert@yopmail.com,492.48
783,Petronia,Rudolph,Petronia.Rudolph@yopmail.com,267.38
784,Elora,Kendrick,Elora.Kendrick@yopmail.com,688.49
785,Agathe,Brandice,Agathe.Brandice@yopmail.com,946.82
786,Ivett,Fairweather,Ivett.Fairweather@yopmail.com,104.6
787,Betta,Colyer,Betta.Colyer@yopmail.com,59.69
788,Jennica,Erminia,Jennica.Erminia@yopmail.com,938.71
789,Regina,Toor,Regina.Toor@yopmail.com,254.5
790,Barbara,Dalli,Barbara.Dalli@yopmail.com,830.86
791,Johna,Toor,Johna.Toor@yopmail.com,764.62
792,Natka,Carbo,Natka.Carbo@yopmail.com,490.22
793,Mariann,Woodberry,Mariann.Woodberry@yopmail.com,94.24
794,Andeee,Liva,Andeee.Liva@yopmail.com,143
795,Jorry,Bethany,Jorry.Bethany@yopmail.com,290.14
796,Gui,Moina,Gui.Moina@yopmail.com,741.1
797,Sean,Orelee,Sean.Orelee@yopmail.com,985.33
798,Ashlee,Cullin,Ashlee.Cullin@yopmail.com,909.76
799,Viviene,Johanna,Viviene.Johanna@yopmail.com,909.19
800,Carilyn,Jorgan,Carilyn.Jorgan@yopmail.com,758.36
801,Ann-Marie,Roxanna,Ann-Marie.Roxanna@yopmail.com,59.05
802,Gavrielle,Hieronymus,Gavrielle.Hieronymus@yopmail.com,840.47
803,Lesly,Center,Lesly.Center@yopmail.com,184.65
804,Ronna,Gilmour,Ronna.Gilmour@yopmail.com,634.3
805,Nollie,Thema,Nollie.Thema@yopmail.com,716.58
806,Kirstin,Deegan,Kirstin.Deegan@yopmail.com,478.35
807,Rhea,Ferino,Rhea.Ferino@yopmail.com,78.07
808,Anthia,Wilkinson,Anthia.Wilkinson@yopmail.com,653.9
809,Roxane,Giff,Roxane.Giff@yopmail.com,267.71
810,Dulcinea,Bertold,Dulcinea.Bertold@yopmail.com,809.82
811,Henriette,Alva,Henriette.Alva@yopmail.com,470.11
812,Celene,Evangelia,Celene.Evangelia@yopmail.com,210.61
813,Regina,Bigner,Regina.Bigner@yopmail.com,353.78
814,Britte,Himelman,Britte.Himelman@yopmail.com,927.36
815,Edee,Korey,Edee.Korey@yopmail.com,94.62
816,Leeanne,Gemini,Leeanne.Gemini@yopmail.com,613.9
817,Winifred,Dearborn,Winifred.Dearborn@yopmail.com,385.99
818,Concettina,Lymann,Concettina.Lymann@yopmail.com,533.39
819,Ketti,Ax,Ketti.Ax@yopmail.com,947.09
820,Tina,Douglass,Tina.Douglass@yopmail.com,765.39
821,Laurene,Dreda,Laurene.Dreda@yopmail.com,232.45
822,Giustina,Urania,Giustina.Urania@yopmail.com,645.03
823,Wendi,Mozelle,Wendi.Mozelle@yopmail.com,289.11
824,Caressa,Noelyn,Caressa.Noelyn@yopmail.com,167.8
825,Renae,Cecile,Renae.Cecile@yopmail.com,211.56
826,Cacilie,Dichy,Cacilie.Dichy@yopmail.com,336.93
827,Adore,Ramona,Adore.Ramona@yopmail.com,409.07
828,Gerrie,Gaynor,Gerrie.Gaynor@yopmail.com,735.68
829,Olivette,Whittaker,Olivette.Whittaker@yopmail.com,790.07
830,Britni,Lasley,Britni.Lasley@yopmail.com,288.15
831,Kerrin,Bronk,Kerrin.Bronk@yopmail.com,126.26
832,Cacilie,Narton,Cacilie.Narton@yopmail.com,897.56
833,Courtnay,Bach,Courtnay.Bach@yopmail.com,102.58
834,Riannon,Trinetta,Riannon.Trinetta@yopmail.com,792.39
835,Perry,Joachim,Perry.Joachim@yopmail.com,620.09
836,Dacia,Randene,Dacia.Randene@yopmail.com,291.7
837,Valeda,Tufts,Valeda.Tufts@yopmail.com,142.17
838,Vere,Drus,Vere.Drus@yopmail.com,683.6
839,Philis,Flyn,Philis.Flyn@yopmail.com,233.65
840,Christal,Mott,Christal.Mott@yopmail.com,920.45
841,Linzy,Edvard,Linzy.Edvard@yopmail.com,788.56
842,Kristina,Hartnett,Kristina.Hartnett@yopmail.com,62.72
843,Marcy,Buckler,Marcy.Buckler@yopmail.com,886.64
844,Emelina,Mott,Emelina.Mott@yopmail.com,955.16
845,Aurelie,Sacken,Aurelie.Sacken@yopmail.com,399.26
846,Chandra,Shields,Chandra.Shields@yopmail.com,817.11
847,Livvyy,Mozelle,Livvyy.Mozelle@yopmail.com,882.2
848,Heida,Niccolo,Heida.Niccolo@yopmail.com,615.91
849,Gavrielle,Cadmar,Gavrielle.Cadmar@yopmail.com,266.48
850,Liana,Luhe,Liana.Luhe@yopmail.com,738.62
851,Deirdre,Saree,Deirdre.Saree@yopmail.com,309.45
852,Vevay,Brittani,Vevay.Brittani@yopmail.com,469.73
853,Ingrid,Prouty,Ingrid.Prouty@yopmail.com,955.65
854,Melisent,Cimbura,Melisent.Cimbura@yopmail.com,417.68
855,Pearline,Westphal,Pearline.Westphal@yopmail.com,318.95
856,Asia,Dawkins,Asia.Dawkins@yopmail.com,800.2
857,Dennie,Andrel,Dennie.Andrel@yopmail.com,127.48
858,Correy,Jaylene,Correy.Jaylene@yopmail.com,301.52
859,Selia,Norvol,Selia.Norvol@yopmail.com,857.55
860,Felice,MacIntosh,Felice.MacIntosh@yopmail.com,747.35
861,Lanna,Stelle,Lanna.Stelle@yopmail.com,648.09
862,Leontine,Mathilde,Leontine.Mathilde@yopmail.com,331.04
863,Bertine,Toni,Bertine.Toni@yopmail.com,513.26
864,Bill,Joachim,Bill.Joachim@yopmail.com,256.65
865,Mariele,Roxanna,Mariele.Roxanna@yopmail.com,363.77
866,Bibby,Lacombe,Bibby.Lacombe@yopmail.com,806.75
867,Jemie,Pillsbury,Jemie.Pillsbury@yopmail.com,371.03
868,Cathie,Shirberg,Cathie.Shirberg@yopmail.com,939.75
869,Jessamyn,Thunell,Jessamyn.Thunell@yopmail.com,262.53
870,Sophia,Raseda,Sophia.Raseda@yopmail.com,591.65
871,Kimmy,Magdalen,Kimmy.Magdalen@yopmail.com,574.73
872,Fina,Blase,Fina.Blase@yopmail.com,245.82
873,Mureil,Holtz,Mureil.Holtz@yopmail.com,245.74
874,Chloris,Yate,Chloris.Yate@yopmail.com,685.99
875,Daune,Ashok,Daune.Ashok@yopmail.com,386.55
876,Clementine,Gibbeon,Clementine.Gibbeon@yopmail.com,802.08
877,Trudie,Flita,Trudie.Flita@yopmail.com,852.18
878,Molli,Shama,Molli.Shama@yopmail.com,139.16
879,Alyssa,Euridice,Alyssa.Euridice@yopmail.com,338.32
880,Jere,Daveta,Jere.Daveta@yopmail.com,683.97
881,Ricky,Artie,Ricky.Artie@yopmail.com,557.45
882,Mallory,Florina,Mallory.Florina@yopmail.com,680.53
883,Alexine,Bevin,Alexine.Bevin@yopmail.com,467.84
884,Genovera,Leffen,Genovera.Leffen@yopmail.com,858.3
885,Carree,Latini,Carree.Latini@yopmail.com,827.15
886,Deane,Afton,Deane.Afton@yopmail.com,937.74
887,Anestassia,Fitzsimmons,Anestassia.Fitzsimmons@yopmail.com,165.27
888,Chrystel,Stacy,Chrystel.Stacy@yopmail.com,83.16
889,Tiffie,Mullane,Tiffie.Mullane@yopmail.com,380.97
890,Veda,Hull,Veda.Hull@yopmail.com,936.13
891,Wileen,Clarissa,Wileen.Clarissa@yopmail.com,217.78
892,Ann-Marie,Gusella,Ann-Marie.Gusella@yopmail.com,478.53
893,Ira,Tamar,Ira.Tamar@yopmail.com,835.24
894,Gabi,Aaberg,Gabi.Aaberg@yopmail.com,710.98
895,Annaliese,Morgun,Annaliese.Morgun@yopmail.com,538.2
896,Lexine,Calhoun,Lexine.Calhoun@yopmail.com,740.28
897,Gabriellia,Frendel,Gabriellia.Frendel@yopmail.com,453.77
898,Dione,Kosey,Dione.Kosey@yopmail.com,732.39
899,Linet,Beebe,Linet.Beebe@yopmail.com,150.04
900,Jan,Garbe,Jan.Garbe@yopmail.com,737.02
901,Ardenia,Fontana,Ardenia.Fontana@yopmail.com,168.65
902,Tami,Loeb,Tami.Loeb@yopmail.com,234.63
903,Roz,Boehike,Roz.Boehike@yopmail.com,153.04
904,Jennica,Taam,Jennica.Taam@yopmail.com,885.4
905,Joelly,Maxi,Joelly.Maxi@yopmail.com,406.59
906,Celisse,Anastatius,Celisse.Anastatius@yopmail.com,388.94
907,Phylis,Jillane,Phylis.Jillane@yopmail.com,958.45
908,Allis,Magdalen,Allis.Magdalen@yopmail.com,800.25
909,Roz,Paton,Roz.Paton@yopmail.com,639.47
910,Phedra,Anis,Phedra.Anis@yopmail.com,904.29
911,Brandise,Stephie,Brandise.Stephie@yopmail.com,901.23
912,Frieda,Wallis,Frieda.Wallis@yopmail.com,546.21
913,Daphne,Niccolo,Daphne.Niccolo@yopmail.com,685.71
914,Daryl,Cookie,Daryl.Cookie@yopmail.com,88.41
915,Marleah,Amand,Marleah.Amand@yopmail.com,601.77
916,Addia,Xerxes,Addia.Xerxes@yopmail.com,660.4
917,Dorothy,Miru,Dorothy.Miru@yopmail.com,768.37
918,Selma,Ade,Selma.Ade@yopmail.com,407.06
919,Margarette,Pip,Margarette.Pip@yopmail.com,824.97
920,Merci,Isidore,Merci.Isidore@yopmail.com,67.69
921,Arlina,Jotham,Arlina.Jotham@yopmail.com,774.39
922,Jessamyn,Iaverne,Jessamyn.Iaverne@yopmail.com,491.21
923,Cyb,Emanuel,Cyb.Emanuel@yopmail.com,261.24
924,Glenda,Granoff,Glenda.Granoff@yopmail.com,842
925,Esmeralda,Anestassia,Esmeralda.Anestassia@yopmail.com,934.68
926,Mahalia,Bollay,Mahalia.Bollay@yopmail.com,128.79
927,Netty,Ahab,Netty.Ahab@yopmail.com,754.16
928,Jean,Anton,Jean.Anton@yopmail.com,709.52
929,Doralynne,Santoro,Doralynne.Santoro@yopmail.com,964.96
930,Maud,Adore,Maud.Adore@yopmail.com,400.82
931,Fawne,Fosque,Fawne.Fosque@yopmail.com,104.41
932,Desirae,Stevy,Desirae.Stevy@yopmail.com,471.68
933,Britte,Lory,Britte.Lory@yopmail.com,141.05
934,Almeta,Miru,Almeta.Miru@yopmail.com,366.86
935,Linzy,Casimir,Linzy.Casimir@yopmail.com,231.84
936,Imojean,Naashom,Imojean.Naashom@yopmail.com,259.29
937,Rubie,Adore,Rubie.Adore@yopmail.com,337.68
938,Antonietta,Christine,Antonietta.Christine@yopmail.com,850.46
939,Nariko,Tjon,Nariko.Tjon@yopmail.com,478.36
940,Maryellen,Johanna,Maryellen.Johanna@yopmail.com,905.34
941,Jacquetta,Swigart,Jacquetta.Swigart@yopmail.com,582.28
942,Andeee,Anastatius,Andeee.Anastatius@yopmail.com,914.8
943,Romona,Afton,Romona.Afton@yopmail.com,426.1
944,Lonnie,Erich,Lonnie.Erich@yopmail.com,626.19
945,Coral,Podvin,Coral.Podvin@yopmail.com,467.71
946,Drucie,Faust,Drucie.Faust@yopmail.com,905.26
947,Maryellen,Codding,Maryellen.Codding@yopmail.com,607.57
948,Dorthy,Loleta,Dorthy.Loleta@yopmail.com,608.11
949,Gui,Mitzi,Gui.Mitzi@yopmail.com,858.68
950,Atlanta,Hathaway,Atlanta.Hathaway@yopmail.com,363.09
951,Sybille,Martguerita,Sybille.Martguerita@yopmail.com,669.22
952,Neila,Uund,Neila.Uund@yopmail.com,746.78
953,Kelly,Kylander,Kelly.Kylander@yopmail.com,335.78
954,Jsandye,Skurnik,Jsandye.Skurnik@yopmail.com,133.72
955,Vere,Radu,Vere.Radu@yopmail.com,168.89
956,Lelah,Howlyn,Lelah.Howlyn@yopmail.com,728.45
957,Viki,Rebecka,Viki.Rebecka@yopmail.com,206.79
958,Barbara,Wolfgram,Barbara.Wolfgram@yopmail.com,759.49
959,Angelique,Isacco,Angelique.Isacco@yopmail.com,645.82
960,Adelle,Bates,Adelle.Bates@yopmail.com,792.35
961,Sheelagh,Cleo,Sheelagh.Cleo@yopmail.com,643.69
962,Joceline,Blisse,Joceline.Blisse@yopmail.com,73.63
963,Ulrike,Helfand,Ulrike.Helfand@yopmail.com,913.68
964,Elmira,Killigrew,Elmira.Killigrew@yopmail.com,682.16
965,Cherrita,Papageno,Cherrita.Papageno@yopmail.com,973.65
966,Joy,Kelula,Joy.Kelula@yopmail.com,656.56
967,Barbi,Mozelle,Barbi.Mozelle@yopmail.com,422.08
968,Jenda,Fillbert,Jenda.Fillbert@yopmail.com,721.49
969,Cherrita,Dulciana,Cherrita.Dulciana@yopmail.com,976.27
970,Asia,Haymes,Asia.Haymes@yopmail.com,200.11
971,Rebeca,Burkle,Rebeca.Burkle@yopmail.com,482.06
972,Susan,Bord,Susan.Bord@yopmail.com,160.34
973,Grier,Alwin,Grier.Alwin@yopmail.com,63.45
974,Marika,Alexandr,Marika.Alexandr@yopmail.com,813.01
975,Rochette,Hebner,Rochette.Hebner@yopmail.com,568.64
976,Josephine,Madaih,Josephine.Madaih@yopmail.com,856.34
977,Alameda,Leopold,Alameda.Leopold@yopmail.com,406.66
978,Viki,Holbrook,Viki.Holbrook@yopmail.com,582.47
979,Celene,Belldas,Celene.Belldas@yopmail.com,515.76
980,Cam,Nerita,Cam.Nerita@yopmail.com,802.41
981,Rosabelle,Carbo,Rosabelle.Carbo@yopmail.com,131.12
982,Max,Eckblad,Max.Eckblad@yopmail.com,723.08
983,Netty,Gualtiero,Netty.Gualtiero@yopmail.com,938.85
984,Rochette,Dom,Rochette.Dom@yopmail.com,707.78
985,Ira,McGrody,Ira.McGrody@yopmail.com,775.55
986,Alameda,Annabella,Alameda.Annabella@yopmail.com,343.09
987,Flory,Hourigan,Flory.Hourigan@yopmail.com,627.76
988,Corly,Posner,Corly.Posner@yopmail.com,291.85
989,Viviene,Timon,Viviene.Timon@yopmail.com,103.54
990,Daphne,Trace,Daphne.Trace@yopmail.com,456.51
991,Lauryn,Stilwell,Lauryn.Stilwell@yopmail.com,506.69
992,Raquela,Macey,Raquela.Macey@yopmail.com,242.91
993,Patricia,Kevon,Patricia.Kevon@yopmail.com,901.14
994,Theodora,Vilma,Theodora.Vilma@yopmail.com,695.22
995,Barbara,Eiser,Barbara.Eiser@yopmail.com,534.6
996,Daryl,Anderea,Daryl.Anderea@yopmail.com,227.94
997,Florie,Khorma,Florie.Khorma@yopmail.com,820.97
998,Kittie,Pauly,Kittie.Pauly@yopmail.com,212.97
999,Peri,Lilas,Peri.Lilas@yopmail.com,853.66
1000,Emmey,Donoghue,Emmey.Donoghue@yopmail.com,355.73
1001,Adriana,Rurik,Adriana.Rurik@yopmail.com,467.04
1002,Glenda,Kimmie,Glenda.Kimmie@yopmail.com,989.17
1003,Pollyanna,Olnee,Pollyanna.Olnee@yopmail.com,725.46
1004,Sam,Sikorski,Sam.Sikorski@yopmail.com,695.92
1005,Sharai,Poppy,Sharai.Poppy@yopmail.com,950.71
1006,Korrie,Ruvolo,Korrie.Ruvolo@yopmail.com,192.63
1007,Jillayne,Bates,Jillayne.Bates@yopmail.com,628.97
1008,Grier,Fadiman,Grier.Fadiman@yopmail.com,291.43
1009,Fawne,Alexandr,Fawne.Alexandr@yopmail.com,730.68
1010,Tomasina,Bluh,Tomasina.Bluh@yopmail.com,246.19
1011,Cherilyn,Irmine,Cherilyn.Irmine@yopmail.com,215.24
1012,Mariele,Himelman,Mariele.Himelman@yopmail.com,332.57
1013,Lusa,Carri,Lusa.Carri@yopmail.com,826.65
1014,Barbi,Philoo,Barbi.Philoo@yopmail.com,471.57
1015,Kamilah,Ries,Kamilah.Ries@yopmail.com,758.22
1016,Corina,Carri,Corina.Carri@yopmail.com,533.67
1017,Gusty,Yuille,Gusty.Yuille@yopmail.com,611.07
1018,Harrietta,Kiersten,Harrietta.Kiersten@yopmail.com,241.27
1019,Sean,Ardeha,Sean.Ardeha@yopmail.com,960.27
1020,Kara-Lynn,Charity,Kara-Lynn.Charity@yopmail.com,532.63
1021,Tressa,McNully,Tressa.McNully@yopmail.com,441.3
1022,Josephine,Ambrosia,Josephine.Ambrosia@yopmail.com,561.33
1023,Blondelle,Fiester,Blondelle.Fiester@yopmail.com,803.55
1024,Olwen,Wind,Olwen.Wind@yopmail.com,128.18
1025,Benita,Quent,Benita.Quent@yopmail.com,500.04
1026,Rosanne,Pulsifer,Rosanne.Pulsifer@yopmail.com,700.58
1027,Demetris,Luhe,Demetris.Luhe@yopmail.com,293.12
1028,Ulrike,Hewitt,Ulrike.Hewitt@yopmail.com,59.47
1029,Hildegaard,Bertold,Hildegaard.Bertold@yopmail.com,355.11
1030,Cacilie,Franza,Cacilie.Franza@yopmail.com,862.29
1031,Jacenta,Geffner,Jacenta.Geffner@yopmail.com,977.28
1032,Paule,Larochelle,Paule.Larochelle@yopmail.com,394.79
1033,Winifred,Laurianne,Winifred.Laurianne@yopmail.com,261.35
1034,Emilia,Carlson,Emilia.Carlson@yopmail.com,696.1
1035,Lenna,Sibyls,Lenna.Sibyls@yopmail.com,164.61
1036,Glynnis,Adalbert,Glynnis.Adalbert@yopmail.com,764.23
1037,Gerianna,An,Gerianna.An@yopmail.com,206.79
1038,Jorry,Shama,Jorry.Shama@yopmail.com,533.27
1039,Kial,Sparhawk,Kial.Sparhawk@yopmail.com,670.92
1040,Robbi,Thilda,Robbi.Thilda@yopmail.com,935.8
1041,Mellicent,Liebermann,Mellicent.Liebermann@yopmail.com,135.64
1042,Alia,Rad,Alia.Rad@yopmail.com,575.96
1043,Ardeen,Arvo,Ardeen.Arvo@yopmail.com,690.41
1044,Carlie,Pierette,Carlie.Pierette@yopmail.com,751.04
1045,Harrietta,Stevy,Harrietta.Stevy@yopmail.com,149.19
1046,Fanchon,Delila,Fanchon.Delila@yopmail.com,345.37
1047,Dulce,Kronfeld,Dulce.Kronfeld@yopmail.com,662.47
1048,Mallory,Talia,Mallory.Talia@yopmail.com,613.62
1049,Georgina,Maroney,Georgina.Maroney@yopmail.com,982.11
1050,Gratia,Goerke,Gratia.Goerke@yopmail.com,277.28
1051,Maye,Kevon,Maye.Kevon@yopmail.com,328.75
1052,Britte,Lindemann,Britte.Lindemann@yopmail.com,799.49
1053,Kimberley,Friede,Kimberley.Friede@yopmail.com,290.68
1054,Candy,Karna,Candy.Karna@yopmail.com,172.96
1055,Florencia,Rad,Florencia.Rad@yopmail.com,820.02
1056,Ellette,Rad,Ellette.Rad@yopmail.com,433.01
1057,Yolane,Gregrory,Yolane.Gregrory@yopmail.com,857.97
1058,Elise,Evvie,Elise.Evvie@yopmail.com,369.45
1059,Ardeen,Stevy,Ardeen.Stevy@yopmail.com,233.81
1060,Lyssa,Emmy,Lyssa.Emmy@yopmail.com,246.58
1061,Myrtice,Kinnard,Myrtice.Kinnard@yopmail.com,421.12
1062,Hannis,Cecile,Hannis.Cecile@yopmail.com,854.43
1063,Dania,Kenney,Dania.Kenney@yopmail.com,961.14
1064,Frances,Capello,Frances.Capello@yopmail.com,777.42
1065,Marita,Thad,Marita.Thad@yopmail.com,906.36
1066,Raf,Tyson,Raf.Tyson@yopmail.com,952.42
1067,Rosanne,Merell,Rosanne.Merell@yopmail.com,822.44
1068,Jaime,Aldric,Jaime.Aldric@yopmail.com,489.59
1069,Sheelagh,Raama,Sheelagh.Raama@yopmail.com,952.72
1070,Ottilie,Oscar,Ottilie.Oscar@yopmail.com,239.34
1071,Lita,Riva,Lita.Riva@yopmail.com,152.56
1072,Tarra,Turne,Tarra.Turne@yopmail.com,135.06
1073,Lita,Peg,Lita.Peg@yopmail.com,301.12
1074,Chandra,Boehike,Chandra.Boehike@yopmail.com,969.78
1075,Miquela,Wandie,Miquela.Wandie@yopmail.com,457.12
1076,Angela,Neva,Angela.Neva@yopmail.com,864.96
1077,Karlee,Sophronia,Karlee.Sophronia@yopmail.com,984.35
1078,Anallese,Trinetta,Anallese.Trinetta@yopmail.com,313.13
1079,Marita,Braun,Marita.Braun@yopmail.com,764.05
1080,Sadie,Abram,Sadie.Abram@yopmail.com,995.57
1081,Helsa,Schwejda,Helsa.Schwejda@yopmail.com,920.09
1082,Harrietta,Maroney,Harrietta.Maroney@yopmail.com,510.2
1083,Imojean,Reneta,Imojean.Reneta@yopmail.com,439.26
1084,Ashlee,Annabella,Ashlee.Annabella@yopmail.com,950.36
1085,Tani,Skurnik,Tani.Skurnik@yopmail.com,153.12
1086,Mariann,Argus,Mariann.Argus@yopmail.com,720.17
1087,Ileana,Karna,Ileana.Karna@yopmail.com,281.81
1088,Diena,Elvyn,Diena.Elvyn@yopmail.com,80.6
1089,Tani,August,Tani.August@yopmail.com,851.08
1090,Donnie,Felecia,Donnie.Felecia@yopmail.com,539.85
1091,Fayre,Madox,Fayre.Madox@yopmail.com,470.73
1092,Gloria,Schonfeld,Gloria.Schonfeld@yopmail.com,521.4
1093,Candy,Zenas,Candy.Zenas@yopmail.com,784.89
1094,Almeta,Llovera,Almeta.Llovera@yopmail.com,765.31
1095,Regina,Hewitt,Regina.Hewitt@yopmail.com,779.89
1096,Blake,Carbo,Blake.Carbo@yopmail.com,479.19
1097,Yolane,Andrel,Yolane.Andrel@yopmail.com,222.09
1098,Danika,Wareing,Danika.Wareing@yopmail.com,173.14
1099,Kenna,Dorothy,Kenna.Dorothy@yopmail.com,695.94